SampleID,GA,predicted.GA
I1,11.0,10.223809523809523
W1,11.0,11.416666666666666
B1,11.0,11.616666666666665
I2,15.0,15.75
W2,18.0,17.195
B2,16.0,16.58166666666667
I3,25.0,22.35
W3,27.0,25.361666666666668
B3,27.0,25.504761904761907
I4,2.57142857142857,-0.4785714285714304
W4,0.571428571428569,-0.8119047619047638
B4,0.571428571428569,6.291666666666666
