SampleID,GA,predicted.GA
I1,11.0,12.61
W1,11.0,10.9
B1,11.0,10.91
I2,15.0,17.85
W2,18.0,15.67
B2,16.0,18.42
I3,25.0,28.9
W3,27.0,23.181428571428572
B3,27.0,26.2
I4,2.57142857142857,0.37428571428571233
W4,0.571428571428569,0.8685714285714268
B4,0.571428571428569,6.209999999999995
