SampleID,GA,predicted.GA
I1,11.0,13.668027528027528
W1,11.0,10.732951770451772
B1,11.0,11.49574397824398
I2,15.0,14.770697358197358
W2,18.0,15.78606893106893
B2,16.0,14.528926073926073
I3,25.0,25.219200244200245
W3,27.0,25.17445998445998
B3,27.0,24.318152958152957
I4,2.57142857142857,0.07264041514041322
W4,0.571428571428569,-0.3170421245421263
B4,0.571428571428569,7.579346764346764
